Modèle,K,Silhouette,Davies-Bouldin,Calinski-Harabasz
K-Means,4,0.4901684815360011,0.7332352281033412,6753.434489124789
